{"train/grad_norm":17.485401153564453,"_runtime":35.557041,"train/global_step":40,"_timestamp":1.750087833685257e+09,"_wandb":{"runtime":41},"train/loss":0.1283,"train/epoch":0.016,"train/learning_rate":4.9844e-05,"_step":3}