{"train/loss":0.0145,"train/learning_rate":4.976400000000001e-05,"train/epoch":0.024,"train/global_step":60,"_runtime":43.897634,"_step":5,"train/grad_norm":0.01868041791021824,"_wandb":{"runtime":44},"_timestamp":1.750088942958873e+09}