{"train/loss":0.0452,"train/grad_norm":0.018631424754858017,"_runtime":50.623924,"train/learning_rate":4.972400000000001e-05,"train/global_step":70,"_wandb":{"runtime":52},"_step":6,"train/epoch":0.028,"_timestamp":1.750089019846565e+09}