{"train/grad_norm":15.73176097869873,"train/loss":11.3329,"train/epoch":0.008,"_step":1,"_wandb":{"runtime":27},"_runtime":14.504074,"train/learning_rate":4.9924000000000005e-05,"_timestamp":1.7500898080261881e+09,"train/global_step":20}