{"train/global_step":10,"train/learning_rate":4.9964e-05,"train/loss":11.3309,"_timestamp":1.750089880094989e+09,"_step":0,"train/grad_norm":16.240007400512695,"_wandb":{"runtime":9},"train/epoch":0.004,"_runtime":7.770399}