{"eval/steps_per_second":2.317,"_runtime":300.070186,"eval/accuracy":0.8626,"train/grad_norm":17.485401153564453,"train/global_step":40,"_timestamp":1.750089394211924e+09,"train/epoch":0.016,"_wandb":{"runtime":330},"train/loss":0.1283,"train/learning_rate":4.9844e-05,"eval/loss":0.39014461636543274,"eval/samples_per_second":18.536,"eval/runtime":269.749,"_step":4}